﻿{"DX11EnabledOnMacLinux":false,"DX11MacLinuxWarningHidden":false,"RenderEngineKind":1,"EnabledRenderers":[2,1],"LayoutsL":[],"GroupOrder":[],"dumplog":false,"verboselog":false,"maxdistance":100.0,"AlphaBlendMode":1,"UseHttpServer":false,"port":47774,"TetherOnFind":true,"DirectNameComparison":false,"ShowOnUiHide":false,"Hexadecimal":true,"segments":100,"lineSegments":10,"AltRectFill":true,"AltRectStepOverride":false,"AltRectStep":0.01,"AltRectHighlightOutline":true,"AltRectMinLineThickness":4.0,"AltRectForceMinLineThickness":false,"AltDonutStepOverride":false,"AltDonutStep":0.01,"AltConeStepOverride":false,"AltConeStep":1,"UseFullDonutFill":true,"FocusMode":false,"NoStreamWarning":false,"Logging":false,"LogPosition":false,"PluginLanguage":null,"NoFindReset":false,"NoCircleFix":false,"DisabledScripts":[],"DisableScriptCache":false,"RenderableZones":[],"ClipZones":[],"AutoClipNativeUI":true,"RenderableZonesValid":true,"SplatoonLowerZ":false,"ElementMinFillAlpha":0,"ElementMaxFillAlpha":255,"MaxAlpha":255,"UseVfxRendering":false,"StyleOverrides":{},"ScriptConfigurationNames":{},"ActiveScriptConfigurations":{},"ExtraTrustedRepos":"","ExtraUpdateLinks":"","NoPrioPopupTerritories":[],"RolePlayerAssignments":[],"PrioUnifyDps":false,"FileWatcherPathes":[],"UseServerBar":true,"PreferredPositions":{},"ScriptPriorityNotification":2,"ConfigurationsHideDisabled":false,"DisabledGroups":[],"TranslatorPages":[],"NightmareUIState":{"ActiveTab":{}},"Version":2}