﻿{"DX11EnabledOnMacLinux":false,"DX11MacLinuxWarningHidden":false,"RenderEngineKind":1,"EnabledRenderers":[2,1],"LayoutsL":[{"Enabled":true,"Name":"Zelenia - Blessed Barricade Towers","Description":"","Group":"DT EX4 JP","ZoneLockH":[1271],"IsZoneBlacklist":false,"ConditionalAnd":false,"DefaultConfigurationName":"","DCond":0,"DisableDisabling":false,"JobLock":0,"DisableInDuty":false,"UseTriggers":false,"UseDistanceLimit":false,"Phase":0,"Freezing":false,"FreezeDisplayDelay":0.0,"ElementsL":[{"Name":"Highlight Towers","type":1,"Enabled":true,"offX":0.0,"offY":0.0,"offZ":0.0,"radius":2.5,"Donut":0.5,"color":4294967040,"Filled":true,"fillIntensity":0.5,"overlayBGColor":1879048192,"overlayTextColor":3372220415,"overlayVOffset":0.0,"overlayFScale":1.0,"overlayPlaceholders":false,"thicc":2.0,"overlayText":"","refActorName":"*","refActorTargetingYou":0,"refActorNamePlateIconID":0,"refActorComparisonAnd":false,"refActorRequireCast":true,"refActorCastReverse":false,"refActorCastId":[43068],"refActorUseCastTime":false,"refActorCastTimeMin":0.0,"refActorCastTimeMax":0.0,"refActorUseOvercast":false,"refTargetYou":false,"refActorRequireBuff":false,"refActorRequireAllBuffs":false,"refActorRequireBuffsInvert":false,"refActorUseBuffTime":false,"refActorUseBuffParam":false,"refActorBuffTimeMin":0.0,"refActorBuffTimeMax":0.0,"refActorObjectLife":false,"refActorComparisonType":0,"refActorType":0,"includeHitbox":false,"includeOwnHitbox":false,"includeRotation":false,"onlyTargetable":false,"onlyUnTargetable":false,"onlyVisible":false,"tether":false,"ExtraTetherLength":0.0,"LineEndA":0,"LineEndB":0,"AdditionalRotation":0.0,"LineAddHitboxLengthX":false,"LineAddHitboxLengthY":false,"LineAddHitboxLengthZ":false,"LineAddHitboxLengthXA":false,"LineAddHitboxLengthYA":false,"LineAddHitboxLengthZA":false,"LineAddPlayerHitboxLengthX":false,"LineAddPlayerHitboxLengthY":false,"LineAddPlayerHitboxLengthZ":false,"LineAddPlayerHitboxLengthXA":false,"LineAddPlayerHitboxLengthYA":false,"LineAddPlayerHitboxLengthZA":false,"FaceMe":false,"LimitDistance":false,"LimitDistanceInvert":false,"DistanceSourceX":0.0,"DistanceSourceY":0.0,"DistanceSourceZ":0.0,"DistanceMin":0.0,"DistanceMax":0.0,"LimitRotation":false,"refActorTether":false,"refActorTetherTimeMin":0.0,"refActorTetherTimeMax":0.0,"refActorTetherParam1":null,"refActorTetherParam2":null,"refActorTetherParam3":null,"refActorIsTetherSource":null,"refActorIsTetherInvert":false,"refActorUseTransformation":false,"mechanicType":0,"refMark":false,"refMarkID":0,"faceplayer":"<1>","FillStep":0.5,"LegacyFill":false,"RenderEngineKind":0,"Conditional":false,"RotationOverride":false}]},{"Enabled":true,"Name":"Zelenia - Blessed Barricade Line","Description":"","Group":"DT EX4 JP","ZoneLockH":[1271],"IsZoneBlacklist":false,"ConditionalAnd":false,"DefaultConfigurationName":"","DCond":5,"DisableDisabling":false,"JobLock":0,"DisableInDuty":false,"UseTriggers":true,"UseDistanceLimit":false,"Phase":0,"Freezing":false,"FreezeDisplayDelay":0.0,"Triggers":[{"Type":2,"TimeBegin":0.0,"Duration":5.0,"Match":"vfx/lockon/eff/lockon5_t0h.avfx spawned on me","MatchDelay":0.0,"ResetOnCombatExit":true,"ResetOnTChange":true,"FireOnce":false,"IsRegex":false}],"ElementsL":[{"Name":"Self","type":1,"Enabled":true,"offX":0.0,"offY":0.0,"offZ":0.0,"radius":1.0,"color":3355508480,"Filled":true,"fillIntensity":0.5,"overlayBGColor":1879048192,"overlayTextColor":3372220415,"overlayVOffset":0.0,"overlayFScale":1.0,"overlayPlaceholders":false,"thicc":2.0,"overlayText":"","refActorName":"","refActorTargetingYou":0,"refActorNamePlateIconID":0,"refActorComparisonAnd":false,"refActorRequireCast":false,"refActorCastReverse":false,"refActorUseCastTime":false,"refActorCastTimeMin":0.0,"refActorCastTimeMax":0.0,"refActorUseOvercast":false,"refTargetYou":false,"refActorRequireBuff":false,"refActorRequireAllBuffs":false,"refActorRequireBuffsInvert":false,"refActorUseBuffTime":false,"refActorUseBuffParam":false,"refActorBuffTimeMin":0.0,"refActorBuffTimeMax":0.0,"refActorObjectLife":false,"refActorComparisonType":0,"refActorType":1,"includeHitbox":false,"includeOwnHitbox":false,"includeRotation":false,"onlyTargetable":false,"onlyUnTargetable":false,"onlyVisible":false,"tether":false,"ExtraTetherLength":0.0,"LineEndA":0,"LineEndB":0,"AdditionalRotation":0.0,"LineAddHitboxLengthX":false,"LineAddHitboxLengthY":false,"LineAddHitboxLengthZ":false,"LineAddHitboxLengthXA":false,"LineAddHitboxLengthYA":false,"LineAddHitboxLengthZA":false,"LineAddPlayerHitboxLengthX":false,"LineAddPlayerHitboxLengthY":false,"LineAddPlayerHitboxLengthZ":false,"LineAddPlayerHitboxLengthXA":false,"LineAddPlayerHitboxLengthYA":false,"LineAddPlayerHitboxLengthZA":false,"FaceMe":false,"LimitDistance":false,"LimitDistanceInvert":false,"DistanceSourceX":0.0,"DistanceSourceY":0.0,"DistanceSourceZ":0.0,"DistanceMin":0.0,"DistanceMax":0.0,"LimitRotation":false,"refActorTether":false,"refActorTetherTimeMin":0.0,"refActorTetherTimeMax":0.0,"refActorTetherParam1":null,"refActorTetherParam2":null,"refActorTetherParam3":null,"refActorIsTetherSource":null,"refActorIsTetherInvert":false,"refActorUseTransformation":false,"mechanicType":0,"refMark":false,"refMarkID":0,"faceplayer":"<1>","FillStep":0.5,"LegacyFill":false,"RenderEngineKind":0,"Conditional":false,"RotationOverride":false},{"Name":"Line","type":1,"Enabled":true,"offX":0.0,"offY":0.0,"offZ":0.0,"radius":0.35,"color":3355508480,"Filled":true,"fillIntensity":0.5,"overlayBGColor":1879048192,"overlayTextColor":3372220415,"overlayVOffset":0.0,"overlayFScale":1.0,"overlayPlaceholders":false,"thicc":5.0,"overlayText":"","refActorTargetingYou":0,"refActorNPCNameID":13864,"refActorNamePlateIconID":0,"refActorComparisonAnd":false,"refActorRequireCast":false,"refActorCastReverse":false,"refActorUseCastTime":false,"refActorCastTimeMin":0.0,"refActorCastTimeMax":0.0,"refActorUseOvercast":false,"refTargetYou":false,"refActorRequireBuff":false,"refActorRequireAllBuffs":false,"refActorRequireBuffsInvert":false,"refActorUseBuffTime":false,"refActorUseBuffParam":false,"refActorBuffTimeMin":0.0,"refActorBuffTimeMax":0.0,"refActorObjectLife":false,"refActorComparisonType":6,"refActorType":0,"includeHitbox":false,"includeOwnHitbox":false,"includeRotation":false,"onlyTargetable":false,"onlyUnTargetable":false,"onlyVisible":false,"tether":true,"ExtraTetherLength":0.0,"LineEndA":0,"LineEndB":0,"AdditionalRotation":0.0,"LineAddHitboxLengthX":false,"LineAddHitboxLengthY":false,"LineAddHitboxLengthZ":false,"LineAddHitboxLengthXA":false,"LineAddHitboxLengthYA":false,"LineAddHitboxLengthZA":false,"LineAddPlayerHitboxLengthX":false,"LineAddPlayerHitboxLengthY":false,"LineAddPlayerHitboxLengthZ":false,"LineAddPlayerHitboxLengthXA":false,"LineAddPlayerHitboxLengthYA":false,"LineAddPlayerHitboxLengthZA":false,"FaceMe":false,"LimitDistance":false,"LimitDistanceInvert":false,"DistanceSourceX":0.0,"DistanceSourceY":0.0,"DistanceSourceZ":0.0,"DistanceMin":0.0,"DistanceMax":0.0,"LimitRotation":false,"refActorTether":true,"refActorTetherTimeMin":0.0,"refActorTetherTimeMax":6.0,"refActorTetherParam1":0,"refActorTetherParam2":17,"refActorTetherParam3":15,"refActorIsTetherSource":null,"refActorIsTetherInvert":false,"refActorUseTransformation":false,"refActorTetherConnectedWithPlayer":["<me>"],"mechanicType":0,"refMark":false,"refMarkID":0,"faceplayer":"<1>","FillStep":0.5,"LegacyFill":false,"RenderEngineKind":0,"Conditional":false,"RotationOverride":false}]},{"Enabled":true,"Name":"Zelenia - Blessed Barricade Phantom Charge","Description":"","Group":"DT EX4 JP","ZoneLockH":[1271],"IsZoneBlacklist":false,"ConditionalAnd":false,"DefaultConfigurationName":"","DCond":0,"DisableDisabling":false,"JobLock":0,"DisableInDuty":false,"UseTriggers":false,"UseDistanceLimit":false,"Phase":0,"Freezing":false,"FreezeDisplayDelay":0.0,"ElementsL":[{"Name":"Right","type":3,"Enabled":true,"refX":0.0,"refY":37.0,"refZ":0.0,"offX":0.0,"offY":-1.0,"offZ":0.0,"radius":42.0,"color":4278190335,"Filled":true,"fillIntensity":0.2,"overlayBGColor":1879048192,"overlayTextColor":3372220415,"overlayVOffset":0.0,"overlayFScale":1.0,"overlayPlaceholders":false,"thicc":2.0,"overlayText":"","refActorTargetingYou":0,"refActorNPCNameID":13864,"refActorNamePlateIconID":0,"refActorComparisonAnd":false,"refActorRequireCast":true,"refActorCastReverse":true,"refActorUseCastTime":false,"refActorCastTimeMin":0.0,"refActorCastTimeMax":20.0,"refActorUseOvercast":true,"refTargetYou":false,"refActorRequireBuff":false,"refActorRequireAllBuffs":false,"refActorRequireBuffsInvert":false,"refActorUseBuffTime":false,"refActorUseBuffParam":false,"refActorBuffTimeMin":0.0,"refActorBuffTimeMax":0.0,"refActorObjectLife":false,"refActorComparisonType":6,"refActorType":0,"includeHitbox":false,"includeOwnHitbox":false,"includeRotation":true,"onlyTargetable":false,"onlyUnTargetable":true,"onlyVisible":true,"tether":false,"ExtraTetherLength":0.0,"LineEndA":0,"LineEndB":0,"AdditionalRotation":1.5707964,"LineAddHitboxLengthX":false,"LineAddHitboxLengthY":false,"LineAddHitboxLengthZ":false,"LineAddHitboxLengthXA":false,"LineAddHitboxLengthYA":false,"LineAddHitboxLengthZA":false,"LineAddPlayerHitboxLengthX":false,"LineAddPlayerHitboxLengthY":false,"LineAddPlayerHitboxLengthZ":false,"LineAddPlayerHitboxLengthXA":false,"LineAddPlayerHitboxLengthYA":false,"LineAddPlayerHitboxLengthZA":false,"FaceMe":false,"LimitDistance":false,"LimitDistanceInvert":false,"DistanceSourceX":0.0,"DistanceSourceY":0.0,"DistanceSourceZ":0.0,"DistanceMin":0.0,"DistanceMax":0.0,"LimitRotation":false,"refActorTether":false,"refActorTetherTimeMin":0.0,"refActorTetherTimeMax":0.0,"refActorTetherParam1":null,"refActorTetherParam2":null,"refActorTetherParam3":null,"refActorIsTetherSource":null,"refActorIsTetherInvert":false,"refActorUseTransformation":true,"refActorTransformationID":27,"mechanicType":0,"refMark":false,"refMarkID":0,"faceplayer":"<1>","FillStep":2.0,"LegacyFill":false,"RenderEngineKind":0,"Conditional":false,"RotationOverride":false},{"Name":"Left","type":3,"Enabled":true,"refX":0.0,"refY":37.0,"refZ":0.0,"offX":0.0,"offY":-1.0,"offZ":0.0,"radius":42.0,"color":4278190335,"Filled":true,"fillIntensity":0.2,"overlayBGColor":1879048192,"overlayTextColor":3372220415,"overlayVOffset":0.0,"overlayFScale":1.0,"overlayPlaceholders":false,"thicc":2.0,"overlayText":"","refActorTargetingYou":0,"refActorNPCNameID":13864,"refActorNamePlateIconID":0,"refActorComparisonAnd":false,"refActorRequireCast":true,"refActorCastReverse":true,"refActorUseCastTime":false,"refActorCastTimeMin":0.0,"refActorCastTimeMax":20.0,"refActorUseOvercast":true,"refTargetYou":false,"refActorRequireBuff":false,"refActorRequireAllBuffs":false,"refActorRequireBuffsInvert":false,"refActorUseBuffTime":false,"refActorUseBuffParam":false,"refActorBuffTimeMin":0.0,"refActorBuffTimeMax":0.0,"refActorObjectLife":false,"refActorComparisonType":6,"refActorType":0,"includeHitbox":false,"includeOwnHitbox":false,"includeRotation":true,"onlyTargetable":false,"onlyUnTargetable":true,"onlyVisible":true,"tether":false,"ExtraTetherLength":0.0,"LineEndA":0,"LineEndB":0,"AdditionalRotation":4.712389,"LineAddHitboxLengthX":false,"LineAddHitboxLengthY":false,"LineAddHitboxLengthZ":false,"LineAddHitboxLengthXA":false,"LineAddHitboxLengthYA":false,"LineAddHitboxLengthZA":false,"LineAddPlayerHitboxLengthX":false,"LineAddPlayerHitboxLengthY":false,"LineAddPlayerHitboxLengthZ":false,"LineAddPlayerHitboxLengthXA":false,"LineAddPlayerHitboxLengthYA":false,"LineAddPlayerHitboxLengthZA":false,"FaceMe":false,"LimitDistance":false,"LimitDistanceInvert":false,"DistanceSourceX":0.0,"DistanceSourceY":0.0,"DistanceSourceZ":0.0,"DistanceMin":0.0,"DistanceMax":0.0,"LimitRotation":false,"refActorTether":false,"refActorTetherTimeMin":0.0,"refActorTetherTimeMax":0.0,"refActorTetherParam1":null,"refActorTetherParam2":null,"refActorTetherParam3":null,"refActorIsTetherSource":null,"refActorIsTetherInvert":false,"refActorUseTransformation":true,"refActorTransformationID":28,"mechanicType":0,"refMark":false,"refMarkID":0,"faceplayer":"<1>","FillStep":2.0,"LegacyFill":false,"RenderEngineKind":0,"Conditional":false,"RotationOverride":false},{"Name":"Right","type":3,"Enabled":true,"refX":0.0,"refY":37.0,"refZ":0.0,"offX":0.0,"offY":-1.0,"offZ":0.0,"radius":42.0,"color":4294907136,"Filled":true,"fillIntensity":0.35,"overlayBGColor":1879048192,"overlayTextColor":3372220415,"overlayVOffset":0.0,"overlayFScale":1.0,"overlayPlaceholders":false,"thicc":2.0,"overlayText":"","refActorTargetingYou":0,"refActorNPCNameID":13864,"refActorNamePlateIconID":0,"refActorComparisonAnd":false,"refActorRequireCast":true,"refActorCastReverse":false,"refActorUseCastTime":false,"refActorCastTimeMin":0.0,"refActorCastTimeMax":0.0,"refActorUseOvercast":false,"refTargetYou":false,"refActorRequireBuff":false,"refActorRequireAllBuffs":false,"refActorRequireBuffsInvert":false,"refActorUseBuffTime":false,"refActorUseBuffParam":false,"refActorBuffTimeMin":0.0,"refActorBuffTimeMax":0.0,"refActorObjectLife":false,"refActorComparisonType":6,"refActorType":0,"includeHitbox":false,"includeOwnHitbox":false,"includeRotation":true,"onlyTargetable":false,"onlyUnTargetable":true,"onlyVisible":true,"tether":false,"ExtraTetherLength":0.0,"LineEndA":0,"LineEndB":0,"AdditionalRotation":1.5707964,"LineAddHitboxLengthX":false,"LineAddHitboxLengthY":false,"LineAddHitboxLengthZ":false,"LineAddHitboxLengthXA":false,"LineAddHitboxLengthYA":false,"LineAddHitboxLengthZA":false,"LineAddPlayerHitboxLengthX":false,"LineAddPlayerHitboxLengthY":false,"LineAddPlayerHitboxLengthZ":false,"LineAddPlayerHitboxLengthXA":false,"LineAddPlayerHitboxLengthYA":false,"LineAddPlayerHitboxLengthZA":false,"FaceMe":false,"LimitDistance":false,"LimitDistanceInvert":false,"DistanceSourceX":0.0,"DistanceSourceY":0.0,"DistanceSourceZ":0.0,"DistanceMin":0.0,"DistanceMax":0.0,"LimitRotation":false,"refActorTether":false,"refActorTetherTimeMin":0.0,"refActorTetherTimeMax":0.0,"refActorTetherParam1":null,"refActorTetherParam2":null,"refActorTetherParam3":null,"refActorIsTetherSource":null,"refActorIsTetherInvert":false,"refActorUseTransformation":true,"refActorTransformationID":27,"mechanicType":0,"refMark":false,"refMarkID":0,"faceplayer":"<1>","FillStep":2.0,"LegacyFill":false,"RenderEngineKind":0,"Conditional":false,"RotationOverride":false},{"Name":"Left","type":3,"Enabled":true,"refX":0.0,"refY":37.0,"refZ":0.0,"offX":0.0,"offY":-1.0,"offZ":0.0,"radius":42.0,"color":4294905344,"Filled":true,"fillIntensity":0.35,"overlayBGColor":1879048192,"overlayTextColor":3372220415,"overlayVOffset":0.0,"overlayFScale":1.0,"overlayPlaceholders":false,"thicc":2.0,"overlayText":"","refActorTargetingYou":0,"refActorNPCNameID":13864,"refActorNamePlateIconID":0,"refActorComparisonAnd":false,"refActorRequireCast":true,"refActorCastReverse":false,"refActorUseCastTime":false,"refActorCastTimeMin":0.0,"refActorCastTimeMax":0.0,"refActorUseOvercast":false,"refTargetYou":false,"refActorRequireBuff":false,"refActorRequireAllBuffs":false,"refActorRequireBuffsInvert":false,"refActorUseBuffTime":false,"refActorUseBuffParam":false,"refActorBuffTimeMin":0.0,"refActorBuffTimeMax":0.0,"refActorObjectLife":false,"refActorComparisonType":6,"refActorType":0,"includeHitbox":false,"includeOwnHitbox":false,"includeRotation":true,"onlyTargetable":false,"onlyUnTargetable":true,"onlyVisible":true,"tether":false,"ExtraTetherLength":0.0,"LineEndA":0,"LineEndB":0,"AdditionalRotation":4.712389,"LineAddHitboxLengthX":false,"LineAddHitboxLengthY":false,"LineAddHitboxLengthZ":false,"LineAddHitboxLengthXA":false,"LineAddHitboxLengthYA":false,"LineAddHitboxLengthZA":false,"LineAddPlayerHitboxLengthX":false,"LineAddPlayerHitboxLengthY":false,"LineAddPlayerHitboxLengthZ":false,"LineAddPlayerHitboxLengthXA":false,"LineAddPlayerHitboxLengthYA":false,"LineAddPlayerHitboxLengthZA":false,"FaceMe":false,"LimitDistance":false,"LimitDistanceInvert":false,"DistanceSourceX":0.0,"DistanceSourceY":0.0,"DistanceSourceZ":0.0,"DistanceMin":0.0,"DistanceMax":0.0,"LimitRotation":false,"refActorTether":false,"refActorTetherTimeMin":0.0,"refActorTetherTimeMax":0.0,"refActorTetherParam1":null,"refActorTetherParam2":null,"refActorTetherParam3":null,"refActorIsTetherSource":null,"refActorIsTetherInvert":false,"refActorUseTransformation":true,"refActorTransformationID":28,"mechanicType":0,"refMark":false,"refMarkID":0,"faceplayer":"<1>","FillStep":2.0,"LegacyFill":false,"RenderEngineKind":0,"Conditional":false,"RotationOverride":false},{"Name":"Right","type":3,"Enabled":true,"refX":0.0,"refY":0.0,"refZ":0.0,"offX":0.0,"offY":-5.0,"offZ":0.0,"radius":0.0,"color":4278255611,"Filled":true,"fillIntensity":0.2,"overlayBGColor":1879048192,"overlayTextColor":3372220415,"overlayVOffset":0.0,"overlayFScale":1.0,"overlayPlaceholders":false,"thicc":4.0,"overlayText":"","refActorTargetingYou":0,"refActorNPCNameID":13864,"refActorNamePlateIconID":0,"refActorComparisonAnd":false,"refActorRequireCast":true,"refActorCastReverse":true,"refActorUseCastTime":false,"refActorCastTimeMin":0.0,"refActorCastTimeMax":20.0,"refActorUseOvercast":true,"refTargetYou":false,"refActorRequireBuff":false,"refActorRequireAllBuffs":false,"refActorRequireBuffsInvert":false,"refActorUseBuffTime":false,"refActorUseBuffParam":false,"refActorBuffTimeMin":0.0,"refActorBuffTimeMax":0.0,"refActorObjectLife":false,"refActorComparisonType":6,"refActorType":0,"includeHitbox":false,"includeOwnHitbox":false,"includeRotation":false,"onlyTargetable":false,"onlyUnTargetable":true,"onlyVisible":true,"tether":false,"ExtraTetherLength":0.0,"LineEndA":0,"LineEndB":0,"AdditionalRotation":0.0,"LineAddHitboxLengthX":false,"LineAddHitboxLengthY":false,"LineAddHitboxLengthZ":false,"LineAddHitboxLengthXA":false,"LineAddHitboxLengthYA":false,"LineAddHitboxLengthZA":false,"LineAddPlayerHitboxLengthX":false,"LineAddPlayerHitboxLengthY":false,"LineAddPlayerHitboxLengthZ":false,"LineAddPlayerHitboxLengthXA":false,"LineAddPlayerHitboxLengthYA":false,"LineAddPlayerHitboxLengthZA":false,"FaceMe":false,"LimitDistance":false,"LimitDistanceInvert":false,"DistanceSourceX":0.0,"DistanceSourceY":0.0,"DistanceSourceZ":0.0,"DistanceMin":0.0,"DistanceMax":0.0,"LimitRotation":false,"refActorTether":false,"refActorTetherTimeMin":0.0,"refActorTetherTimeMax":0.0,"refActorTetherParam1":null,"refActorTetherParam2":null,"refActorTetherParam3":null,"refActorIsTetherSource":null,"refActorIsTetherInvert":false,"refActorUseTransformation":true,"refActorTransformationID":27,"mechanicType":0,"refMark":false,"refMarkID":0,"faceplayer":"<1>","FillStep":2.0,"LegacyFill":false,"RenderEngineKind":0,"Conditional":false,"RotationOverride":false},{"Name":"left","type":3,"Enabled":true,"refX":0.0,"refY":0.0,"refZ":0.0,"offX":0.0,"offY":5.0,"offZ":0.0,"radius":0.0,"color":4278255611,"Filled":true,"fillIntensity":0.2,"overlayBGColor":1879048192,"overlayTextColor":3372220415,"overlayVOffset":0.0,"overlayFScale":1.0,"overlayPlaceholders":false,"thicc":4.0,"overlayText":"","refActorTargetingYou":0,"refActorNPCNameID":13864,"refActorNamePlateIconID":0,"refActorComparisonAnd":false,"refActorRequireCast":true,"refActorCastReverse":true,"refActorUseCastTime":false,"refActorCastTimeMin":0.0,"refActorCastTimeMax":20.0,"refActorUseOvercast":true,"refTargetYou":false,"refActorRequireBuff":false,"refActorRequireAllBuffs":false,"refActorRequireBuffsInvert":false,"refActorUseBuffTime":false,"refActorUseBuffParam":false,"refActorBuffTimeMin":0.0,"refActorBuffTimeMax":0.0,"refActorObjectLife":false,"refActorComparisonType":6,"refActorType":0,"includeHitbox":false,"includeOwnHitbox":false,"includeRotation":false,"onlyTargetable":false,"onlyUnTargetable":true,"onlyVisible":true,"tether":false,"ExtraTetherLength":0.0,"LineEndA":0,"LineEndB":0,"AdditionalRotation":0.0,"LineAddHitboxLengthX":false,"LineAddHitboxLengthY":false,"LineAddHitboxLengthZ":false,"LineAddHitboxLengthXA":false,"LineAddHitboxLengthYA":false,"LineAddHitboxLengthZA":false,"LineAddPlayerHitboxLengthX":false,"LineAddPlayerHitboxLengthY":false,"LineAddPlayerHitboxLengthZ":false,"LineAddPlayerHitboxLengthXA":false,"LineAddPlayerHitboxLengthYA":false,"LineAddPlayerHitboxLengthZA":false,"FaceMe":false,"LimitDistance":false,"LimitDistanceInvert":false,"DistanceSourceX":0.0,"DistanceSourceY":0.0,"DistanceSourceZ":0.0,"DistanceMin":0.0,"DistanceMax":0.0,"LimitRotation":false,"refActorTether":false,"refActorTetherTimeMin":0.0,"refActorTetherTimeMax":0.0,"refActorTetherParam1":null,"refActorTetherParam2":null,"refActorTetherParam3":null,"refActorIsTetherSource":null,"refActorIsTetherInvert":false,"refActorUseTransformation":true,"refActorTransformationID":28,"mechanicType":0,"refMark":false,"refMarkID":0,"faceplayer":"<1>","FillStep":2.0,"LegacyFill":false,"RenderEngineKind":0,"Conditional":false,"RotationOverride":false}]},{"Enabled":true,"Name":"Zelenia - Death Circle","Description":"","Group":"DT EX4 JP","ZoneLockH":[1271],"IsZoneBlacklist":false,"ConditionalAnd":false,"DefaultConfigurationName":"","DCond":5,"DisableDisabling":false,"JobLock":0,"DisableInDuty":false,"UseTriggers":true,"UseDistanceLimit":false,"Phase":0,"Freezing":false,"FreezeDisplayDelay":0.0,"Triggers":[{"Type":2,"TimeBegin":0.0,"Duration":0.0,"Match":"MapEffect: 3, 32, 64","MatchDelay":0.0,"ResetOnCombatExit":true,"ResetOnTChange":true,"FireOnce":false,"IsRegex":false},{"Type":3,"TimeBegin":0.0,"Duration":0.0,"Match":"MapEffect: 1, 4, 8","MatchDelay":0.0,"ResetOnCombatExit":true,"ResetOnTChange":true,"FireOnce":false,"IsRegex":false}],"ElementsL":[{"Name":"Circle","type":1,"Enabled":true,"offX":0.0,"offY":0.0,"offZ":0.0,"radius":2.0,"color":4278190335,"Filled":true,"fillIntensity":0.7,"overlayBGColor":1879048192,"overlayTextColor":3372220415,"overlayVOffset":0.0,"overlayFScale":1.0,"overlayPlaceholders":false,"thicc":2.0,"overlayText":"","refActorTargetingYou":0,"refActorNPCNameID":13861,"refActorNamePlateIconID":0,"refActorComparisonAnd":false,"refActorRequireCast":false,"refActorCastReverse":false,"refActorUseCastTime":false,"refActorCastTimeMin":0.0,"refActorCastTimeMax":0.0,"refActorUseOvercast":false,"refTargetYou":false,"refActorRequireBuff":false,"refActorRequireAllBuffs":false,"refActorRequireBuffsInvert":false,"refActorUseBuffTime":false,"refActorUseBuffParam":false,"refActorBuffTimeMin":0.0,"refActorBuffTimeMax":0.0,"refActorObjectLife":false,"refActorComparisonType":6,"refActorType":0,"includeHitbox":false,"includeOwnHitbox":false,"includeRotation":true,"onlyTargetable":true,"onlyUnTargetable":false,"onlyVisible":true,"tether":false,"ExtraTetherLength":0.0,"LineEndA":0,"LineEndB":0,"AdditionalRotation":0.0,"LineAddHitboxLengthX":false,"LineAddHitboxLengthY":false,"LineAddHitboxLengthZ":false,"LineAddHitboxLengthXA":false,"LineAddHitboxLengthYA":false,"LineAddHitboxLengthZA":false,"LineAddPlayerHitboxLengthX":false,"LineAddPlayerHitboxLengthY":false,"LineAddPlayerHitboxLengthZ":false,"LineAddPlayerHitboxLengthXA":false,"LineAddPlayerHitboxLengthYA":false,"LineAddPlayerHitboxLengthZA":false,"FaceMe":true,"LimitDistance":false,"LimitDistanceInvert":false,"DistanceSourceX":0.0,"DistanceSourceY":0.0,"DistanceSourceZ":0.0,"DistanceMin":0.0,"DistanceMax":0.0,"LimitRotation":false,"refActorTether":false,"refActorTetherTimeMin":0.0,"refActorTetherTimeMax":0.0,"refActorTetherParam1":null,"refActorTetherParam2":null,"refActorTetherParam3":null,"refActorIsTetherSource":null,"refActorIsTetherInvert":false,"refActorUseTransformation":false,"mechanicType":0,"refMark":false,"refMarkID":0,"faceplayer":"<1>","FillStep":0.5,"LegacyFill":false,"RenderEngineKind":0,"Conditional":false,"RotationOverride":false}]},{"Enabled":true,"Name":"Zelenia - Thunder IV","Description":"","Group":"DT EX4 JP","ZoneLockH":[1271],"IsZoneBlacklist":false,"ConditionalAnd":false,"DefaultConfigurationName":"","DCond":0,"DisableDisabling":false,"JobLock":0,"DisableInDuty":false,"UseTriggers":false,"UseDistanceLimit":false,"Phase":0,"Freezing":false,"FreezeDisplayDelay":0.0,"ElementsL":[{"Name":"Inside","type":1,"Enabled":true,"offX":0.0,"offY":0.0,"offZ":0.0,"radius":8.0,"color":3372155030,"Filled":true,"fillIntensity":0.85,"overlayBGColor":1879048192,"overlayTextColor":3372220415,"overlayVOffset":0.0,"overlayFScale":1.0,"overlayPlaceholders":false,"thicc":5.0,"overlayText":"","refActorTargetingYou":0,"refActorNPCNameID":13861,"refActorNamePlateIconID":0,"refActorComparisonAnd":false,"refActorRequireCast":true,"refActorCastReverse":false,"refActorCastId":[43450],"refActorUseCastTime":true,"refActorCastTimeMin":3.7,"refActorCastTimeMax":10.0,"refActorUseOvercast":false,"refTargetYou":false,"refActorRequireBuff":false,"refActorRequireAllBuffs":false,"refActorRequireBuffsInvert":false,"refActorUseBuffTime":false,"refActorUseBuffParam":false,"refActorBuffTimeMin":0.0,"refActorBuffTimeMax":0.0,"refActorObjectLife":false,"refActorComparisonType":6,"refActorType":0,"includeHitbox":false,"includeOwnHitbox":false,"includeRotation":false,"onlyTargetable":false,"onlyUnTargetable":false,"onlyVisible":false,"tether":false,"ExtraTetherLength":0.0,"LineEndA":0,"LineEndB":0,"AdditionalRotation":0.0,"LineAddHitboxLengthX":false,"LineAddHitboxLengthY":false,"LineAddHitboxLengthZ":false,"LineAddHitboxLengthXA":false,"LineAddHitboxLengthYA":false,"LineAddHitboxLengthZA":false,"LineAddPlayerHitboxLengthX":false,"LineAddPlayerHitboxLengthY":false,"LineAddPlayerHitboxLengthZ":false,"LineAddPlayerHitboxLengthXA":false,"LineAddPlayerHitboxLengthYA":false,"LineAddPlayerHitboxLengthZA":false,"FaceMe":false,"LimitDistance":false,"LimitDistanceInvert":false,"DistanceSourceX":0.0,"DistanceSourceY":0.0,"DistanceSourceZ":0.0,"DistanceMin":0.0,"DistanceMax":0.0,"LimitRotation":false,"refActorTether":false,"refActorTetherTimeMin":0.0,"refActorTetherTimeMax":0.0,"refActorTetherParam1":null,"refActorTetherParam2":null,"refActorTetherParam3":null,"refActorIsTetherSource":null,"refActorIsTetherInvert":false,"refActorUseTransformation":false,"mechanicType":0,"refMark":false,"refMarkID":0,"faceplayer":"<1>","FillStep":0.5,"LegacyFill":false,"RenderEngineKind":0,"Conditional":false,"RotationOverride":false},{"Name":"Outside","type":1,"Enabled":true,"offX":0.0,"offY":0.0,"offZ":0.0,"radius":8.0,"Donut":8.0,"color":3372155030,"Filled":true,"fillIntensity":0.85,"overlayBGColor":1879048192,"overlayTextColor":3372220415,"overlayVOffset":0.0,"overlayFScale":1.0,"overlayPlaceholders":false,"thicc":2.0,"overlayText":"","refActorTargetingYou":0,"refActorNPCNameID":13861,"refActorNamePlateIconID":0,"refActorComparisonAnd":false,"refActorRequireCast":true,"refActorCastReverse":false,"refActorCastId":[43451],"refActorUseCastTime":true,"refActorCastTimeMin":3.7,"refActorCastTimeMax":10.0,"refActorUseOvercast":false,"refTargetYou":false,"refActorRequireBuff":false,"refActorRequireAllBuffs":false,"refActorRequireBuffsInvert":false,"refActorUseBuffTime":false,"refActorUseBuffParam":false,"refActorBuffTimeMin":0.0,"refActorBuffTimeMax":0.0,"refActorObjectLife":false,"refActorComparisonType":6,"refActorType":0,"includeHitbox":false,"includeOwnHitbox":false,"includeRotation":false,"onlyTargetable":false,"onlyUnTargetable":false,"onlyVisible":false,"tether":false,"ExtraTetherLength":0.0,"LineEndA":0,"LineEndB":0,"AdditionalRotation":0.0,"LineAddHitboxLengthX":false,"LineAddHitboxLengthY":false,"LineAddHitboxLengthZ":false,"LineAddHitboxLengthXA":false,"LineAddHitboxLengthYA":false,"LineAddHitboxLengthZA":false,"LineAddPlayerHitboxLengthX":false,"LineAddPlayerHitboxLengthY":false,"LineAddPlayerHitboxLengthZ":false,"LineAddPlayerHitboxLengthXA":false,"LineAddPlayerHitboxLengthYA":false,"LineAddPlayerHitboxLengthZA":false,"FaceMe":false,"LimitDistance":false,"LimitDistanceInvert":false,"DistanceSourceX":0.0,"DistanceSourceY":0.0,"DistanceSourceZ":0.0,"DistanceMin":0.0,"DistanceMax":0.0,"LimitRotation":false,"refActorTether":false,"refActorTetherTimeMin":0.0,"refActorTetherTimeMax":0.0,"refActorTetherParam1":null,"refActorTetherParam2":null,"refActorTetherParam3":null,"refActorIsTetherSource":null,"refActorIsTetherInvert":false,"refActorUseTransformation":false,"mechanicType":0,"refMark":false,"refMarkID":0,"faceplayer":"<1>","FillStep":0.5,"LegacyFill":false,"RenderEngineKind":0,"Conditional":false,"RotationOverride":false}]},{"Enabled":true,"Name":"Zelenia - Sword","Description":"","Group":"DT EX4 JP","ZoneLockH":[1271],"IsZoneBlacklist":false,"ConditionalAnd":false,"DefaultConfigurationName":"","DCond":0,"DisableDisabling":false,"JobLock":0,"DisableInDuty":false,"UseTriggers":false,"UseDistanceLimit":false,"Phase":0,"Freezing":false,"FreezeDisplayDelay":0.0,"ElementsL":[{"Name":"Front Fan","type":4,"Enabled":true,"refX":0.0,"refY":0.0,"refZ":0.0,"offX":0.0,"offY":0.0,"offZ":0.0,"radius":15.5,"coneAngleMin":-40,"coneAngleMax":20,"color":4294908672,"Filled":true,"fillIntensity":0.5,"overlayBGColor":1879048192,"overlayTextColor":3372220415,"overlayVOffset":0.0,"overlayFScale":1.0,"overlayPlaceholders":false,"thicc":3.0,"overlayText":"Sword Front Fan","refActorTargetingYou":0,"refActorNPCNameID":13861,"refActorNamePlateIconID":0,"refActorComparisonAnd":false,"refActorRequireCast":true,"refActorCastReverse":false,"refActorCastId":[43216],"refActorUseCastTime":true,"refActorCastTimeMin":5.0,"refActorCastTimeMax":10.0,"refActorUseOvercast":false,"refTargetYou":false,"refActorRequireBuff":false,"refActorRequireAllBuffs":false,"refActorRequireBuffsInvert":false,"refActorUseBuffTime":false,"refActorUseBuffParam":false,"refActorBuffTimeMin":0.0,"refActorBuffTimeMax":0.0,"refActorObjectLife":false,"refActorComparisonType":6,"refActorType":0,"includeHitbox":true,"includeOwnHitbox":false,"includeRotation":true,"onlyTargetable":false,"onlyUnTargetable":false,"onlyVisible":false,"tether":false,"ExtraTetherLength":0.0,"LineEndA":0,"LineEndB":0,"AdditionalRotation":0.17453292,"LineAddHitboxLengthX":false,"LineAddHitboxLengthY":false,"LineAddHitboxLengthZ":false,"LineAddHitboxLengthXA":false,"LineAddHitboxLengthYA":false,"LineAddHitboxLengthZA":false,"LineAddPlayerHitboxLengthX":false,"LineAddPlayerHitboxLengthY":false,"LineAddPlayerHitboxLengthZ":false,"LineAddPlayerHitboxLengthXA":false,"LineAddPlayerHitboxLengthYA":false,"LineAddPlayerHitboxLengthZA":false,"FaceMe":false,"LimitDistance":false,"LimitDistanceInvert":false,"DistanceSourceX":0.0,"DistanceSourceY":0.0,"DistanceSourceZ":0.0,"DistanceMin":0.0,"DistanceMax":13.2,"LimitRotation":false,"refActorTether":false,"refActorTetherTimeMin":0.0,"refActorTetherTimeMax":0.0,"refActorTetherParam1":null,"refActorTetherParam2":null,"refActorTetherParam3":null,"refActorIsTetherSource":null,"refActorIsTetherInvert":false,"refActorUseTransformation":false,"mechanicType":0,"refMark":false,"refMarkID":0,"faceplayer":"<1>","FillStep":4.0,"LegacyFill":false,"RenderEngineKind":0,"Conditional":false,"RotationOverride":false}]},{"Enabled":true,"Name":"Zelenia - Hazard","Description":"","Group":"DT EX4 JP","ZoneLockH":[1271],"IsZoneBlacklist":false,"ConditionalAnd":false,"DefaultConfigurationName":"","DCond":5,"DisableDisabling":false,"JobLock":0,"DisableInDuty":false,"UseTriggers":true,"UseDistanceLimit":false,"Phase":0,"Freezing":true,"FreezeFor":10.0,"IntervalBetweenFreezes":10.0,"FreezeResetCombat":true,"FreezeResetTerr":true,"FreezeDisplayDelay":0.0,"Triggers":[{"Type":2,"TimeBegin":0.0,"Duration":1.0,"Match":"(13861>43543)","MatchDelay":10.0,"ResetOnCombatExit":true,"ResetOnTChange":true,"FireOnce":false,"IsRegex":false}],"ElementsL":[{"Name":"Straight Ahead","type":3,"Enabled":true,"refX":0.0,"refY":50.0,"refZ":0.0,"offX":0.0,"offY":0.0,"offZ":0.0,"radius":4.0,"color":4278190335,"Filled":true,"fillIntensity":0.5,"overlayBGColor":1879048192,"overlayTextColor":3372220415,"overlayVOffset":0.0,"overlayFScale":1.0,"overlayPlaceholders":false,"thicc":2.0,"overlayText":"","refActorTargetingYou":0,"refActorNPCNameID":13862,"refActorNamePlateIconID":0,"refActorComparisonAnd":false,"refActorRequireCast":false,"refActorCastReverse":false,"refActorUseCastTime":false,"refActorCastTimeMin":3.0,"refActorCastTimeMax":10.0,"refActorUseOvercast":false,"refTargetYou":false,"refActorRequireBuff":false,"refActorRequireAllBuffs":false,"refActorRequireBuffsInvert":false,"refActorUseBuffTime":false,"refActorUseBuffParam":false,"refActorBuffTimeMin":0.0,"refActorBuffTimeMax":0.0,"refActorObjectLife":false,"refActorComparisonType":6,"refActorType":0,"includeHitbox":false,"includeOwnHitbox":false,"includeRotation":true,"onlyTargetable":false,"onlyUnTargetable":true,"onlyVisible":true,"tether":false,"ExtraTetherLength":0.0,"LineEndA":0,"LineEndB":0,"AdditionalRotation":0.0,"LineAddHitboxLengthX":false,"LineAddHitboxLengthY":false,"LineAddHitboxLengthZ":false,"LineAddHitboxLengthXA":false,"LineAddHitboxLengthYA":false,"LineAddHitboxLengthZA":false,"LineAddPlayerHitboxLengthX":false,"LineAddPlayerHitboxLengthY":false,"LineAddPlayerHitboxLengthZ":false,"LineAddPlayerHitboxLengthXA":false,"LineAddPlayerHitboxLengthYA":false,"LineAddPlayerHitboxLengthZA":false,"FaceMe":false,"LimitDistance":false,"LimitDistanceInvert":false,"DistanceSourceX":0.0,"DistanceSourceY":0.0,"DistanceSourceZ":0.0,"DistanceMin":0.0,"DistanceMax":0.0,"LimitRotation":false,"refActorTether":false,"refActorTetherTimeMin":0.0,"refActorTetherTimeMax":0.0,"refActorTetherParam1":null,"refActorTetherParam2":null,"refActorTetherParam3":null,"refActorIsTetherSource":null,"refActorIsTetherInvert":false,"refActorUseTransformation":false,"mechanicType":0,"refMark":false,"refMarkID":0,"faceplayer":"<1>","FillStep":2.0,"LegacyFill":false,"RenderEngineKind":0,"Conditional":false,"RotationOverride":false}]},{"Enabled":true,"Name":"Zelenia - Primal Rend / Power Break","Description":"","Group":"DT EX4 JP","ZoneLockH":[1271],"IsZoneBlacklist":false,"ConditionalAnd":false,"DefaultConfigurationName":"","DCond":0,"DisableDisabling":false,"JobLock":0,"DisableInDuty":false,"UseTriggers":false,"UseDistanceLimit":false,"Phase":0,"Freezing":false,"FreezeDisplayDelay":0.0,"ElementsL":[{"Name":"Right","type":4,"Enabled":true,"refX":0.0,"refY":0.0,"refZ":0.0,"offX":0.0,"offY":12.0,"offZ":0.0,"radius":10.5,"coneAngleMin":-90,"coneAngleMax":90,"color":4278190335,"Filled":true,"fillIntensity":0.3,"overlayBGColor":1879048192,"overlayTextColor":3372220415,"overlayVOffset":0.0,"overlayFScale":1.0,"overlayPlaceholders":false,"thicc":3.0,"overlayText":"","refActorTargetingYou":0,"refActorNPCNameID":13864,"refActorNamePlateIconID":0,"refActorComparisonAnd":false,"refActorRequireCast":true,"refActorCastReverse":false,"refActorCastId":[43184],"refActorUseCastTime":true,"refActorCastTimeMin":3.0,"refActorCastTimeMax":10.0,"refActorUseOvercast":false,"refTargetYou":false,"refActorRequireBuff":false,"refActorRequireAllBuffs":false,"refActorRequireBuffsInvert":false,"refActorUseBuffTime":false,"refActorUseBuffParam":false,"refActorBuffTimeMin":0.0,"refActorBuffTimeMax":0.0,"refActorObjectLife":false,"refActorComparisonType":6,"refActorType":0,"includeHitbox":true,"includeOwnHitbox":false,"includeRotation":true,"onlyTargetable":false,"onlyUnTargetable":false,"onlyVisible":false,"tether":false,"ExtraTetherLength":0.0,"LineEndA":0,"LineEndB":0,"AdditionalRotation":1.5707964,"LineAddHitboxLengthX":false,"LineAddHitboxLengthY":false,"LineAddHitboxLengthZ":false,"LineAddHitboxLengthXA":false,"LineAddHitboxLengthYA":false,"LineAddHitboxLengthZA":false,"LineAddPlayerHitboxLengthX":false,"LineAddPlayerHitboxLengthY":false,"LineAddPlayerHitboxLengthZ":false,"LineAddPlayerHitboxLengthXA":false,"LineAddPlayerHitboxLengthYA":false,"LineAddPlayerHitboxLengthZA":false,"FaceMe":false,"LimitDistance":false,"LimitDistanceInvert":false,"DistanceSourceX":0.0,"DistanceSourceY":0.0,"DistanceSourceZ":0.0,"DistanceMin":0.0,"DistanceMax":13.2,"LimitRotation":false,"refActorTether":false,"refActorTetherTimeMin":0.0,"refActorTetherTimeMax":0.0,"refActorTetherParam1":null,"refActorTetherParam2":null,"refActorTetherParam3":null,"refActorIsTetherSource":null,"refActorIsTetherInvert":false,"refActorUseTransformation":false,"mechanicType":0,"refMark":false,"refMarkID":0,"faceplayer":"<1>","FillStep":4.0,"LegacyFill":false,"RenderEngineKind":0,"Conditional":false,"RotationOverride":false},{"Name":"Left","type":4,"Enabled":true,"refX":0.0,"refY":0.0,"refZ":0.0,"offX":0.0,"offY":12.0,"offZ":0.0,"radius":10.5,"coneAngleMin":-90,"coneAngleMax":90,"color":4278190335,"Filled":true,"fillIntensity":0.3,"overlayBGColor":1879048192,"overlayTextColor":3372220415,"overlayVOffset":0.0,"overlayFScale":1.0,"overlayPlaceholders":false,"thicc":3.0,"overlayText":"","refActorTargetingYou":0,"refActorNPCNameID":13864,"refActorNamePlateIconID":0,"refActorComparisonAnd":false,"refActorRequireCast":true,"refActorCastReverse":false,"refActorCastId":[43185],"refActorUseCastTime":true,"refActorCastTimeMin":3.0,"refActorCastTimeMax":10.0,"refActorUseOvercast":false,"refTargetYou":false,"refActorRequireBuff":false,"refActorRequireAllBuffs":false,"refActorRequireBuffsInvert":false,"refActorUseBuffTime":false,"refActorUseBuffParam":false,"refActorBuffTimeMin":0.0,"refActorBuffTimeMax":0.0,"refActorObjectLife":false,"refActorComparisonType":6,"refActorType":0,"includeHitbox":true,"includeOwnHitbox":false,"includeRotation":true,"onlyTargetable":false,"onlyUnTargetable":false,"onlyVisible":false,"tether":false,"ExtraTetherLength":0.0,"LineEndA":0,"LineEndB":0,"AdditionalRotation":4.712389,"LineAddHitboxLengthX":false,"LineAddHitboxLengthY":false,"LineAddHitboxLengthZ":false,"LineAddHitboxLengthXA":false,"LineAddHitboxLengthYA":false,"LineAddHitboxLengthZA":false,"LineAddPlayerHitboxLengthX":false,"LineAddPlayerHitboxLengthY":false,"LineAddPlayerHitboxLengthZ":false,"LineAddPlayerHitboxLengthXA":false,"LineAddPlayerHitboxLengthYA":false,"LineAddPlayerHitboxLengthZA":false,"FaceMe":false,"LimitDistance":false,"LimitDistanceInvert":false,"DistanceSourceX":0.0,"DistanceSourceY":0.0,"DistanceSourceZ":0.0,"DistanceMin":0.0,"DistanceMax":13.2,"LimitRotation":false,"refActorTether":false,"refActorTetherTimeMin":0.0,"refActorTetherTimeMax":0.0,"refActorTetherParam1":null,"refActorTetherParam2":null,"refActorTetherParam3":null,"refActorIsTetherSource":null,"refActorIsTetherInvert":false,"refActorUseTransformation":false,"mechanicType":0,"refMark":false,"refMarkID":0,"faceplayer":"<1>","FillStep":4.0,"LegacyFill":false,"RenderEngineKind":0,"Conditional":false,"RotationOverride":false}]},{"Enabled":true,"Name":"Zelenia - Rosethorn 2","Description":"","Group":"DT EX4 JP","ZoneLockH":[1271],"IsZoneBlacklist":false,"ConditionalAnd":false,"DefaultConfigurationName":"","DCond":0,"DisableDisabling":false,"JobLock":0,"DisableInDuty":false,"UseTriggers":false,"UseDistanceLimit":false,"Phase":0,"Freezing":false,"FreezeDisplayDelay":0.0,"ElementsL":[{"Name":"Clockwise","type":1,"Enabled":true,"offX":8.0,"offY":0.0,"offZ":0.0,"radius":3.5,"Donut":0.5,"color":3372220160,"Filled":true,"fillIntensity":0.5,"overlayBGColor":1879048192,"overlayTextColor":3372220415,"overlayVOffset":0.0,"overlayFScale":1.0,"overlayPlaceholders":false,"thicc":5.0,"overlayText":"","refActorTargetingYou":0,"refActorNamePlateIconID":0,"refActorComparisonAnd":false,"refActorRequireCast":false,"refActorCastReverse":false,"refActorUseCastTime":false,"refActorCastTimeMin":0.0,"refActorCastTimeMax":0.0,"refActorUseOvercast":false,"refTargetYou":false,"refActorRequireBuff":false,"refActorRequireAllBuffs":false,"refActorRequireBuffsInvert":false,"refActorUseBuffTime":false,"refActorUseBuffParam":false,"refActorBuffTimeMin":0.0,"refActorBuffTimeMax":0.0,"refActorObjectLife":false,"refActorComparisonType":7,"refActorType":0,"includeHitbox":false,"includeOwnHitbox":false,"includeRotation":true,"onlyTargetable":true,"onlyUnTargetable":false,"onlyVisible":true,"tether":true,"ExtraTetherLength":0.0,"LineEndA":0,"LineEndB":0,"AdditionalRotation":0.0,"LineAddHitboxLengthX":false,"LineAddHitboxLengthY":false,"LineAddHitboxLengthZ":false,"LineAddHitboxLengthXA":false,"LineAddHitboxLengthYA":false,"LineAddHitboxLengthZA":false,"LineAddPlayerHitboxLengthX":false,"LineAddPlayerHitboxLengthY":false,"LineAddPlayerHitboxLengthZ":false,"LineAddPlayerHitboxLengthXA":false,"LineAddPlayerHitboxLengthYA":false,"LineAddPlayerHitboxLengthZA":false,"FaceMe":false,"LimitDistance":false,"LimitDistanceInvert":false,"DistanceSourceX":0.0,"DistanceSourceY":0.0,"DistanceSourceZ":0.0,"DistanceMin":0.0,"DistanceMax":0.0,"refActorVFXPath":"vfx/lockon/eff/d1004turning_right_c0p.avfx","refActorVFXMin":0,"refActorVFXMax":5000,"LimitRotation":false,"refActorTether":false,"refActorTetherTimeMin":0.0,"refActorTetherTimeMax":0.0,"refActorTetherParam1":null,"refActorTetherParam2":null,"refActorTetherParam3":null,"refActorIsTetherSource":null,"refActorIsTetherInvert":false,"refActorUseTransformation":false,"mechanicType":0,"refMark":false,"refMarkID":0,"faceplayer":"<1>","FillStep":0.5,"LegacyFill":false,"RenderEngineKind":0,"Conditional":false,"RotationOverride":false},{"Name":"Counterclockwise","type":1,"Enabled":true,"offX":0.0,"offY":8.0,"offZ":0.0,"radius":3.5,"Donut":0.5,"color":3372220160,"Filled":true,"fillIntensity":0.5,"overlayBGColor":1879048192,"overlayTextColor":3372220415,"overlayVOffset":0.0,"overlayFScale":1.0,"overlayPlaceholders":false,"thicc":5.0,"overlayText":"","refActorTargetingYou":0,"refActorNamePlateIconID":0,"refActorComparisonAnd":false,"refActorRequireCast":false,"refActorCastReverse":false,"refActorUseCastTime":false,"refActorCastTimeMin":0.0,"refActorCastTimeMax":0.0,"refActorUseOvercast":false,"refTargetYou":false,"refActorRequireBuff":false,"refActorRequireAllBuffs":false,"refActorRequireBuffsInvert":false,"refActorUseBuffTime":false,"refActorUseBuffParam":false,"refActorBuffTimeMin":0.0,"refActorBuffTimeMax":0.0,"refActorObjectLife":false,"refActorComparisonType":7,"refActorType":0,"includeHitbox":false,"includeOwnHitbox":false,"includeRotation":true,"onlyTargetable":true,"onlyUnTargetable":false,"onlyVisible":true,"tether":true,"ExtraTetherLength":0.0,"LineEndA":0,"LineEndB":0,"AdditionalRotation":0.0,"LineAddHitboxLengthX":false,"LineAddHitboxLengthY":false,"LineAddHitboxLengthZ":false,"LineAddHitboxLengthXA":false,"LineAddHitboxLengthYA":false,"LineAddHitboxLengthZA":false,"LineAddPlayerHitboxLengthX":false,"LineAddPlayerHitboxLengthY":false,"LineAddPlayerHitboxLengthZ":false,"LineAddPlayerHitboxLengthXA":false,"LineAddPlayerHitboxLengthYA":false,"LineAddPlayerHitboxLengthZA":false,"FaceMe":false,"LimitDistance":false,"LimitDistanceInvert":false,"DistanceSourceX":0.0,"DistanceSourceY":0.0,"DistanceSourceZ":0.0,"DistanceMin":0.0,"DistanceMax":0.0,"refActorVFXPath":"vfx/lockon/eff/d1004turning_left_c0p.avfx","refActorVFXMin":0,"refActorVFXMax":5000,"LimitRotation":false,"refActorTether":false,"refActorTetherTimeMin":0.0,"refActorTetherTimeMax":0.0,"refActorTetherParam1":null,"refActorTetherParam2":null,"refActorTetherParam3":null,"refActorIsTetherSource":null,"refActorIsTetherInvert":false,"refActorUseTransformation":false,"mechanicType":0,"refMark":false,"refMarkID":0,"faceplayer":"<1>","FillStep":0.5,"LegacyFill":false,"RenderEngineKind":0,"Conditional":false,"RotationOverride":false}]},{"Enabled":true,"Name":"Zelenia - Rosethorn 4 Destination","Description":"","Group":"DT EX4 JP","ZoneLockH":[1271],"IsZoneBlacklist":false,"ConditionalAnd":false,"DefaultConfigurationName":"","DCond":5,"DisableDisabling":false,"JobLock":0,"DisableInDuty":false,"UseTriggers":true,"UseDistanceLimit":false,"Phase":0,"Freezing":false,"FreezeDisplayDelay":0.0,"Triggers":[{"Type":2,"TimeBegin":0.0,"Duration":15.0,"Match":"(13861>43203","MatchDelay":0.0,"ResetOnCombatExit":true,"ResetOnTChange":true,"FireOnce":false,"IsRegex":false},{"Type":3,"TimeBegin":0.0,"Duration":0.0,"Match":"Roseblood Bloom","MatchDelay":0.0,"ResetOnCombatExit":true,"ResetOnTChange":true,"FireOnce":false,"IsRegex":false}],"ElementsL":[{"Name":"TH","type":0,"Enabled":true,"refX":88.0,"refY":100.0,"refZ":0.0,"offX":0.0,"offY":0.0,"offZ":0.0,"radius":3.5,"Donut":0.5,"color":3372220160,"Filled":true,"fillIntensity":0.8,"overlayBGColor":3371433728,"overlayTextColor":4278190080,"overlayVOffset":3.0,"overlayFScale":3.0,"overlayPlaceholders":false,"thicc":2.0,"overlayText":"TH","refActorName":"","refActorTargetingYou":0,"refActorNamePlateIconID":0,"refActorComparisonAnd":false,"refActorRequireCast":false,"refActorCastReverse":false,"refActorUseCastTime":false,"refActorCastTimeMin":0.0,"refActorCastTimeMax":0.0,"refActorUseOvercast":false,"refTargetYou":false,"refActorRequireBuff":false,"refActorRequireAllBuffs":false,"refActorRequireBuffsInvert":false,"refActorUseBuffTime":false,"refActorUseBuffParam":false,"refActorBuffTimeMin":0.0,"refActorBuffTimeMax":0.0,"refActorObjectLife":false,"refActorComparisonType":0,"refActorType":0,"includeHitbox":false,"includeOwnHitbox":false,"includeRotation":false,"onlyTargetable":false,"onlyUnTargetable":false,"onlyVisible":false,"tether":false,"ExtraTetherLength":0.0,"LineEndA":0,"LineEndB":0,"AdditionalRotation":0.0,"LineAddHitboxLengthX":false,"LineAddHitboxLengthY":false,"LineAddHitboxLengthZ":false,"LineAddHitboxLengthXA":false,"LineAddHitboxLengthYA":false,"LineAddHitboxLengthZA":false,"LineAddPlayerHitboxLengthX":false,"LineAddPlayerHitboxLengthY":false,"LineAddPlayerHitboxLengthZ":false,"LineAddPlayerHitboxLengthXA":false,"LineAddPlayerHitboxLengthYA":false,"LineAddPlayerHitboxLengthZA":false,"FaceMe":false,"LimitDistance":false,"LimitDistanceInvert":false,"DistanceSourceX":0.0,"DistanceSourceY":0.0,"DistanceSourceZ":0.0,"DistanceMin":0.0,"DistanceMax":0.0,"LimitRotation":false,"refActorTether":false,"refActorTetherTimeMin":0.0,"refActorTetherTimeMax":0.0,"refActorTetherParam1":null,"refActorTetherParam2":null,"refActorTetherParam3":null,"refActorIsTetherSource":null,"refActorIsTetherInvert":false,"refActorUseTransformation":false,"mechanicType":0,"refMark":false,"refMarkID":0,"faceplayer":"<1>","FillStep":0.5,"LegacyFill":false,"RenderEngineKind":0,"Conditional":false,"RotationOverride":false},{"Name":"DPS","type":0,"Enabled":true,"refX":112.0,"refY":100.0,"refZ":0.0,"offX":0.0,"offY":0.0,"offZ":0.0,"radius":3.5,"Donut":0.5,"color":3355456255,"Filled":true,"fillIntensity":0.8,"overlayBGColor":3355456255,"overlayTextColor":4278190080,"overlayVOffset":3.0,"overlayFScale":3.0,"overlayPlaceholders":false,"thicc":2.0,"overlayText":"DPS","refActorName":"","refActorTargetingYou":0,"refActorNamePlateIconID":0,"refActorComparisonAnd":false,"refActorRequireCast":false,"refActorCastReverse":false,"refActorUseCastTime":false,"refActorCastTimeMin":0.0,"refActorCastTimeMax":0.0,"refActorUseOvercast":false,"refTargetYou":false,"refActorRequireBuff":false,"refActorRequireAllBuffs":false,"refActorRequireBuffsInvert":false,"refActorUseBuffTime":false,"refActorUseBuffParam":false,"refActorBuffTimeMin":0.0,"refActorBuffTimeMax":0.0,"refActorObjectLife":false,"refActorComparisonType":0,"refActorType":0,"includeHitbox":false,"includeOwnHitbox":false,"includeRotation":false,"onlyTargetable":false,"onlyUnTargetable":false,"onlyVisible":false,"tether":false,"ExtraTetherLength":0.0,"LineEndA":0,"LineEndB":0,"AdditionalRotation":0.0,"LineAddHitboxLengthX":false,"LineAddHitboxLengthY":false,"LineAddHitboxLengthZ":false,"LineAddHitboxLengthXA":false,"LineAddHitboxLengthYA":false,"LineAddHitboxLengthZA":false,"LineAddPlayerHitboxLengthX":false,"LineAddPlayerHitboxLengthY":false,"LineAddPlayerHitboxLengthZ":false,"LineAddPlayerHitboxLengthXA":false,"LineAddPlayerHitboxLengthYA":false,"LineAddPlayerHitboxLengthZA":false,"FaceMe":false,"LimitDistance":false,"LimitDistanceInvert":false,"DistanceSourceX":0.0,"DistanceSourceY":0.0,"DistanceSourceZ":0.0,"DistanceMin":0.0,"DistanceMax":0.0,"LimitRotation":false,"refActorTether":false,"refActorTetherTimeMin":0.0,"refActorTetherTimeMax":0.0,"refActorTetherParam1":null,"refActorTetherParam2":null,"refActorTetherParam3":null,"refActorIsTetherSource":null,"refActorIsTetherInvert":false,"refActorUseTransformation":false,"mechanicType":0,"refMark":false,"refMarkID":0,"faceplayer":"<1>","FillStep":0.5,"LegacyFill":false,"RenderEngineKind":0,"Conditional":false,"RotationOverride":false}]},{"Enabled":true,"Name":"Zelenia - Rosethorn 4 Standby/Go","Description":"","Group":"DT EX4 JP","ZoneLockH":[1271],"IsZoneBlacklist":false,"ConditionalAnd":false,"DefaultConfigurationName":"","DCond":5,"DisableDisabling":false,"JobLock":0,"DisableInDuty":false,"UseTriggers":true,"UseDistanceLimit":false,"Phase":0,"Freezing":false,"FreezeDisplayDelay":0.0,"Triggers":[{"Type":2,"TimeBegin":0.0,"Duration":10.0,"Match":"vfx/lockon/eff/m0005sp_09o0t.avfx spawned on me","MatchDelay":0.0,"ResetOnCombatExit":true,"ResetOnTChange":true,"FireOnce":false,"IsRegex":false},{"Type":3,"TimeBegin":0.0,"Duration":0.0,"Match":"[buff-]You:445","MatchDelay":0.0,"ResetOnCombatExit":true,"ResetOnTChange":true,"FireOnce":false,"IsRegex":false}],"ElementsL":[{"Name":"Stand by!","type":1,"Enabled":true,"offX":0.0,"offY":0.0,"offZ":0.0,"radius":0.35,"color":255,"Filled":true,"fillIntensity":0.5,"overlayBGColor":3355508496,"overlayTextColor":4278190080,"overlayVOffset":3.0,"overlayFScale":3.0,"overlayPlaceholders":false,"thicc":2.0,"overlayText":"Stand by!","refActorName":"","refActorTargetingYou":0,"refActorNamePlateIconID":0,"refActorComparisonAnd":false,"refActorRequireCast":false,"refActorCastReverse":false,"refActorUseCastTime":false,"refActorCastTimeMin":0.0,"refActorCastTimeMax":0.0,"refActorUseOvercast":false,"refTargetYou":false,"refActorRequireBuff":true,"refActorBuffId":[445],"refActorRequireAllBuffs":false,"refActorRequireBuffsInvert":true,"refActorUseBuffTime":false,"refActorUseBuffParam":false,"refActorBuffTimeMin":0.0,"refActorBuffTimeMax":0.0,"refActorObjectLife":false,"refActorComparisonType":0,"refActorType":1,"includeHitbox":false,"includeOwnHitbox":false,"includeRotation":false,"onlyTargetable":false,"onlyUnTargetable":false,"onlyVisible":false,"tether":false,"ExtraTetherLength":0.0,"LineEndA":0,"LineEndB":0,"AdditionalRotation":0.0,"LineAddHitboxLengthX":false,"LineAddHitboxLengthY":false,"LineAddHitboxLengthZ":false,"LineAddHitboxLengthXA":false,"LineAddHitboxLengthYA":false,"LineAddHitboxLengthZA":false,"LineAddPlayerHitboxLengthX":false,"LineAddPlayerHitboxLengthY":false,"LineAddPlayerHitboxLengthZ":false,"LineAddPlayerHitboxLengthXA":false,"LineAddPlayerHitboxLengthYA":false,"LineAddPlayerHitboxLengthZA":false,"FaceMe":false,"LimitDistance":false,"LimitDistanceInvert":false,"DistanceSourceX":0.0,"DistanceSourceY":0.0,"DistanceSourceZ":0.0,"DistanceMin":0.0,"DistanceMax":0.0,"LimitRotation":false,"refActorTether":false,"refActorTetherTimeMin":0.0,"refActorTetherTimeMax":0.0,"refActorTetherParam1":null,"refActorTetherParam2":null,"refActorTetherParam3":null,"refActorIsTetherSource":null,"refActorIsTetherInvert":false,"refActorUseTransformation":false,"mechanicType":0,"refMark":false,"refMarkID":0,"faceplayer":"<1>","FillStep":0.5,"LegacyFill":false,"RenderEngineKind":0,"Conditional":false,"RotationOverride":false},{"Name":"GO!!!","type":1,"Enabled":true,"offX":0.0,"offY":0.0,"offZ":0.0,"radius":0.35,"color":255,"Filled":true,"fillIntensity":0.5,"overlayBGColor":3355508735,"overlayTextColor":4278190080,"overlayVOffset":3.0,"overlayFScale":5.0,"overlayPlaceholders":false,"thicc":2.0,"overlayText":"GO!!!","refActorName":"","refActorTargetingYou":0,"refActorNamePlateIconID":0,"refActorComparisonAnd":false,"refActorRequireCast":false,"refActorCastReverse":false,"refActorUseCastTime":false,"refActorCastTimeMin":0.0,"refActorCastTimeMax":0.0,"refActorUseOvercast":false,"refTargetYou":false,"refActorRequireBuff":true,"refActorBuffId":[445],"refActorRequireAllBuffs":false,"refActorRequireBuffsInvert":false,"refActorUseBuffTime":false,"refActorUseBuffParam":false,"refActorBuffTimeMin":0.0,"refActorBuffTimeMax":0.0,"refActorObjectLife":false,"refActorComparisonType":0,"refActorType":1,"includeHitbox":false,"includeOwnHitbox":false,"includeRotation":false,"onlyTargetable":false,"onlyUnTargetable":false,"onlyVisible":false,"tether":false,"ExtraTetherLength":0.0,"LineEndA":0,"LineEndB":0,"AdditionalRotation":0.0,"LineAddHitboxLengthX":false,"LineAddHitboxLengthY":false,"LineAddHitboxLengthZ":false,"LineAddHitboxLengthXA":false,"LineAddHitboxLengthYA":false,"LineAddHitboxLengthZA":false,"LineAddPlayerHitboxLengthX":false,"LineAddPlayerHitboxLengthY":false,"LineAddPlayerHitboxLengthZ":false,"LineAddPlayerHitboxLengthXA":false,"LineAddPlayerHitboxLengthYA":false,"LineAddPlayerHitboxLengthZA":false,"FaceMe":false,"LimitDistance":false,"LimitDistanceInvert":false,"DistanceSourceX":0.0,"DistanceSourceY":0.0,"DistanceSourceZ":0.0,"DistanceMin":0.0,"DistanceMax":0.0,"LimitRotation":false,"refActorTether":false,"refActorTetherTimeMin":0.0,"refActorTetherTimeMax":0.0,"refActorTetherParam1":null,"refActorTetherParam2":null,"refActorTetherParam3":null,"refActorIsTetherSource":null,"refActorIsTetherInvert":false,"refActorUseTransformation":false,"mechanicType":0,"refMark":false,"refMarkID":0,"faceplayer":"<1>","FillStep":0.5,"LegacyFill":false,"RenderEngineKind":0,"Conditional":false,"RotationOverride":false}]},{"Enabled":true,"Name":"Zelenia - Roseblood 5 Valorous Ascension","Description":"","Group":"DT EX4 JP","ZoneLockH":[1271],"IsZoneBlacklist":false,"ConditionalAnd":false,"DefaultConfigurationName":"","DCond":5,"DisableDisabling":false,"JobLock":0,"DisableInDuty":false,"UseTriggers":true,"UseDistanceLimit":false,"Phase":0,"Freezing":true,"FreezeFor":10.0,"IntervalBetweenFreezes":10.0,"FreezeResetCombat":true,"FreezeResetTerr":true,"FreezeDisplayDelay":0.0,"Triggers":[{"Type":2,"TimeBegin":0.0,"Duration":3.0,"Match":"(13861>43543)","MatchDelay":0.0,"ResetOnCombatExit":true,"ResetOnTChange":true,"FireOnce":false,"IsRegex":false}],"ElementsL":[{"Name":"","type":3,"Enabled":true,"refX":0.0,"refY":40.0,"refZ":0.0,"offX":0.0,"offY":0.0,"offZ":0.0,"radius":4.0,"color":3372220160,"Filled":true,"fillIntensity":0.5,"overlayBGColor":1879048192,"overlayTextColor":3372220415,"overlayVOffset":0.0,"overlayFScale":1.0,"overlayPlaceholders":false,"thicc":2.0,"overlayText":"","refActorTargetingYou":0,"refActorNPCNameID":13862,"refActorNamePlateIconID":0,"refActorComparisonAnd":false,"refActorRequireCast":false,"refActorCastReverse":false,"refActorUseCastTime":true,"refActorCastTimeMin":0.0,"refActorCastTimeMax":2.7,"refActorUseOvercast":false,"refTargetYou":false,"refActorRequireBuff":false,"refActorRequireAllBuffs":false,"refActorRequireBuffsInvert":false,"refActorUseBuffTime":false,"refActorUseBuffParam":false,"refActorBuffTimeMin":0.0,"refActorBuffTimeMax":0.0,"refActorObjectLife":false,"refActorComparisonType":6,"refActorType":0,"includeHitbox":false,"includeOwnHitbox":false,"includeRotation":true,"onlyTargetable":false,"onlyUnTargetable":false,"onlyVisible":true,"tether":false,"ExtraTetherLength":0.0,"LineEndA":0,"LineEndB":0,"AdditionalRotation":0.0,"LineAddHitboxLengthX":false,"LineAddHitboxLengthY":false,"LineAddHitboxLengthZ":false,"LineAddHitboxLengthXA":false,"LineAddHitboxLengthYA":false,"LineAddHitboxLengthZA":false,"LineAddPlayerHitboxLengthX":false,"LineAddPlayerHitboxLengthY":false,"LineAddPlayerHitboxLengthZ":false,"LineAddPlayerHitboxLengthXA":false,"LineAddPlayerHitboxLengthYA":false,"LineAddPlayerHitboxLengthZA":false,"FaceMe":false,"LimitDistance":false,"LimitDistanceInvert":false,"DistanceSourceX":0.0,"DistanceSourceY":0.0,"DistanceSourceZ":0.0,"DistanceMin":0.0,"DistanceMax":0.0,"LimitRotation":false,"refActorTether":false,"refActorTetherTimeMin":0.0,"refActorTetherTimeMax":0.0,"refActorTetherParam1":null,"refActorTetherParam2":null,"refActorTetherParam3":null,"refActorIsTetherSource":null,"refActorIsTetherInvert":false,"refActorUseTransformation":false,"mechanicType":0,"refMark":false,"refMarkID":0,"faceplayer":"<1>","FillStep":0.5,"LegacyFill":false,"RenderEngineKind":0,"Conditional":false,"RotationOverride":false}]},{"Enabled":true,"Name":"Zelenia - Roseblood 5 Valorous Ascension 2","Description":"","Group":"DT EX4 JP","ZoneLockH":[1271],"IsZoneBlacklist":false,"ConditionalAnd":false,"DefaultConfigurationName":"","DCond":5,"DisableDisabling":false,"JobLock":0,"DisableInDuty":false,"UseTriggers":true,"UseDistanceLimit":false,"Phase":0,"Freezing":false,"FreezeDisplayDelay":0.0,"Triggers":[{"Type":2,"TimeBegin":0.0,"Duration":5.0,"Match":"(13861>43543)","MatchDelay":0.0,"ResetOnCombatExit":true,"ResetOnTChange":true,"FireOnce":false,"IsRegex":false}],"ElementsL":[{"Name":"","type":3,"Enabled":true,"refX":0.0,"refY":40.0,"refZ":0.0,"offX":0.0,"offY":0.0,"offZ":0.0,"radius":4.0,"color":3372220160,"Filled":true,"fillIntensity":0.5,"overlayBGColor":1879048192,"overlayTextColor":3372220415,"overlayVOffset":0.0,"overlayFScale":1.0,"overlayPlaceholders":false,"thicc":2.0,"overlayText":"","refActorTargetingYou":0,"refActorNPCNameID":13862,"refActorNamePlateIconID":0,"refActorComparisonAnd":false,"refActorRequireCast":true,"refActorCastReverse":false,"refActorCastId":[43210],"refActorUseCastTime":false,"refActorCastTimeMin":2.7,"refActorCastTimeMax":4.8,"refActorUseOvercast":false,"refTargetYou":false,"refActorRequireBuff":false,"refActorRequireAllBuffs":false,"refActorRequireBuffsInvert":false,"refActorUseBuffTime":false,"refActorUseBuffParam":false,"refActorBuffTimeMin":0.0,"refActorBuffTimeMax":0.0,"refActorObjectLife":false,"refActorComparisonType":6,"refActorType":0,"includeHitbox":false,"includeOwnHitbox":false,"includeRotation":true,"onlyTargetable":false,"onlyUnTargetable":false,"onlyVisible":true,"tether":false,"ExtraTetherLength":0.0,"LineEndA":0,"LineEndB":0,"AdditionalRotation":0.0,"LineAddHitboxLengthX":false,"LineAddHitboxLengthY":false,"LineAddHitboxLengthZ":false,"LineAddHitboxLengthXA":false,"LineAddHitboxLengthYA":false,"LineAddHitboxLengthZA":false,"LineAddPlayerHitboxLengthX":false,"LineAddPlayerHitboxLengthY":false,"LineAddPlayerHitboxLengthZ":false,"LineAddPlayerHitboxLengthXA":false,"LineAddPlayerHitboxLengthYA":false,"LineAddPlayerHitboxLengthZA":false,"FaceMe":false,"LimitDistance":false,"LimitDistanceInvert":false,"DistanceSourceX":0.0,"DistanceSourceY":0.0,"DistanceSourceZ":0.0,"DistanceMin":0.0,"DistanceMax":0.0,"LimitRotation":false,"refActorTether":false,"refActorTetherTimeMin":0.0,"refActorTetherTimeMax":0.0,"refActorTetherParam1":null,"refActorTetherParam2":null,"refActorTetherParam3":null,"refActorIsTetherSource":null,"refActorIsTetherInvert":false,"refActorUseTransformation":false,"mechanicType":0,"refMark":false,"refMarkID":0,"faceplayer":"<1>","FillStep":0.5,"LegacyFill":false,"RenderEngineKind":0,"Conditional":false,"RotationOverride":false}]},{"Enabled":true,"Name":"Zelenia - Roseblood 5 Valorous Ascension 3","Description":"","Group":"DT EX4 JP","ZoneLockH":[1271],"IsZoneBlacklist":false,"ConditionalAnd":false,"DefaultConfigurationName":"","DCond":5,"DisableDisabling":false,"JobLock":0,"DisableInDuty":false,"UseTriggers":true,"UseDistanceLimit":false,"Phase":0,"Freezing":true,"FreezeFor":4.7,"IntervalBetweenFreezes":10.0,"FreezeResetCombat":true,"FreezeResetTerr":true,"FreezeDisplayDelay":0.0,"Triggers":[{"Type":2,"TimeBegin":0.0,"Duration":4.7,"Match":"(13861>43543)","MatchDelay":0.0,"ResetOnCombatExit":true,"ResetOnTChange":true,"FireOnce":false,"IsRegex":false}],"ElementsL":[{"Name":"","type":1,"Enabled":true,"offX":0.0,"offY":13.0,"offZ":0.0,"radius":2.0,"Donut":0.5,"color":4278255360,"Filled":true,"fillIntensity":0.5,"overlayBGColor":1879048192,"overlayTextColor":3372220415,"overlayVOffset":0.0,"overlayFScale":1.0,"overlayPlaceholders":false,"thicc":2.0,"overlayText":"","refActorTargetingYou":0,"refActorNPCNameID":13862,"refActorNamePlateIconID":0,"refActorComparisonAnd":false,"refActorRequireCast":true,"refActorCastReverse":true,"refActorCastId":[43210],"refActorUseCastTime":false,"refActorCastTimeMin":0.0,"refActorCastTimeMax":0.0,"refActorUseOvercast":false,"refTargetYou":false,"refActorRequireBuff":false,"refActorRequireAllBuffs":false,"refActorRequireBuffsInvert":false,"refActorUseBuffTime":false,"refActorUseBuffParam":false,"refActorBuffTimeMin":0.0,"refActorBuffTimeMax":0.0,"refActorObjectLife":false,"refActorComparisonType":6,"refActorType":0,"includeHitbox":false,"includeOwnHitbox":false,"includeRotation":true,"onlyTargetable":false,"onlyUnTargetable":false,"onlyVisible":true,"tether":false,"ExtraTetherLength":0.0,"LineEndA":0,"LineEndB":0,"AdditionalRotation":0.0,"LineAddHitboxLengthX":false,"LineAddHitboxLengthY":false,"LineAddHitboxLengthZ":false,"LineAddHitboxLengthXA":false,"LineAddHitboxLengthYA":false,"LineAddHitboxLengthZA":false,"LineAddPlayerHitboxLengthX":false,"LineAddPlayerHitboxLengthY":false,"LineAddPlayerHitboxLengthZ":false,"LineAddPlayerHitboxLengthXA":false,"LineAddPlayerHitboxLengthYA":false,"LineAddPlayerHitboxLengthZA":false,"FaceMe":false,"LimitDistance":false,"LimitDistanceInvert":false,"DistanceSourceX":100.0,"DistanceSourceY":100.0,"DistanceSourceZ":0.0,"DistanceMin":16.0,"DistanceMax":17.999998,"LimitRotation":false,"refActorTether":false,"refActorTetherTimeMin":0.0,"refActorTetherTimeMax":0.0,"refActorTetherParam1":null,"refActorTetherParam2":null,"refActorTetherParam3":null,"refActorIsTetherSource":null,"refActorIsTetherInvert":false,"refActorUseTransformation":false,"mechanicType":0,"refMark":false,"refMarkID":0,"faceplayer":"<1>","FillStep":0.5,"LegacyFill":false,"RenderEngineKind":0,"Conditional":false,"RotationOverride":false}]},{"Enabled":true,"Name":"Zelenia - Roseblood 5 Valorous Ascension (Delayed)","Description":"","Group":"DT EX4 JP","ZoneLockH":[1271],"IsZoneBlacklist":false,"ConditionalAnd":false,"DefaultConfigurationName":"","DCond":5,"DisableDisabling":false,"JobLock":0,"DisableInDuty":false,"UseTriggers":true,"UseDistanceLimit":false,"Phase":0,"Freezing":true,"FreezeFor":5.0,"IntervalBetweenFreezes":10.0,"FreezeResetCombat":true,"FreezeResetTerr":true,"FreezeDisplayDelay":0.0,"Triggers":[{"Type":2,"TimeBegin":0.0,"Duration":1.0,"Match":"(13861>43543)","MatchDelay":20.0,"ResetOnCombatExit":true,"ResetOnTChange":true,"FireOnce":false,"IsRegex":false}],"ElementsL":[{"Name":"前方直線","type":3,"Enabled":true,"refX":0.0,"refY":50.0,"refZ":0.0,"offX":0.0,"offY":0.0,"offZ":0.0,"radius":4.0,"color":4278190335,"Filled":true,"fillIntensity":0.5,"overlayBGColor":1879048192,"overlayTextColor":3372220415,"overlayVOffset":0.0,"overlayFScale":1.0,"overlayPlaceholders":false,"thicc":2.0,"overlayText":"","refActorTargetingYou":0,"refActorNPCNameID":13862,"refActorNamePlateIconID":0,"refActorComparisonAnd":false,"refActorRequireCast":true,"refActorCastReverse":false,"refActorCastId":[43210],"refActorUseCastTime":true,"refActorCastTimeMin":0.0,"refActorCastTimeMax":3.0,"refActorUseOvercast":false,"refTargetYou":false,"refActorRequireBuff":false,"refActorRequireAllBuffs":false,"refActorRequireBuffsInvert":false,"refActorUseBuffTime":false,"refActorUseBuffParam":false,"refActorBuffTimeMin":0.0,"refActorBuffTimeMax":0.0,"refActorObjectLife":false,"refActorComparisonType":6,"refActorType":0,"includeHitbox":false,"includeOwnHitbox":false,"includeRotation":true,"onlyTargetable":false,"onlyUnTargetable":true,"onlyVisible":true,"tether":false,"ExtraTetherLength":0.0,"LineEndA":0,"LineEndB":0,"AdditionalRotation":0.0,"LineAddHitboxLengthX":false,"LineAddHitboxLengthY":false,"LineAddHitboxLengthZ":false,"LineAddHitboxLengthXA":false,"LineAddHitboxLengthYA":false,"LineAddHitboxLengthZA":false,"LineAddPlayerHitboxLengthX":false,"LineAddPlayerHitboxLengthY":false,"LineAddPlayerHitboxLengthZ":false,"LineAddPlayerHitboxLengthXA":false,"LineAddPlayerHitboxLengthYA":false,"LineAddPlayerHitboxLengthZA":false,"FaceMe":false,"LimitDistance":false,"LimitDistanceInvert":false,"DistanceSourceX":0.0,"DistanceSourceY":0.0,"DistanceSourceZ":0.0,"DistanceMin":0.0,"DistanceMax":0.0,"LimitRotation":false,"refActorTether":false,"refActorTetherTimeMin":0.0,"refActorTetherTimeMax":0.0,"refActorTetherParam1":null,"refActorTetherParam2":null,"refActorTetherParam3":null,"refActorIsTetherSource":null,"refActorIsTetherInvert":false,"refActorUseTransformation":false,"mechanicType":0,"refMark":false,"refMarkID":0,"faceplayer":"<1>","FillStep":2.0,"LegacyFill":false,"RenderEngineKind":0,"Conditional":false,"RotationOverride":false}]},{"Enabled":true,"Name":"Zelenia - Roseblood 6 Holy Hazard","Description":"","Group":"DT EX4 JP","ZoneLockH":[1271],"IsZoneBlacklist":false,"ConditionalAnd":false,"DefaultConfigurationName":"","DCond":0,"DisableDisabling":false,"JobLock":0,"DisableInDuty":false,"UseTriggers":false,"UseDistanceLimit":false,"Phase":0,"Freezing":false,"FreezeDisplayDelay":0.0,"ElementsL":[{"Name":"Holy Hazard","type":4,"Enabled":true,"refX":0.0,"refY":0.0,"refZ":0.0,"offX":0.0,"offY":0.0,"offZ":0.0,"radius":16.0,"coneAngleMin":-60,"coneAngleMax":60,"color":3372220160,"Filled":true,"fillIntensity":0.5,"overlayBGColor":1879048192,"overlayTextColor":3372220415,"overlayVOffset":0.0,"overlayFScale":1.0,"overlayPlaceholders":false,"thicc":2.0,"overlayText":"","refActorTargetingYou":0,"refActorNPCNameID":13861,"refActorNamePlateIconID":0,"refActorComparisonAnd":false,"refActorRequireCast":true,"refActorCastReverse":false,"refActorCastId":[43234],"refActorUseCastTime":true,"refActorCastTimeMin":5.0,"refActorCastTimeMax":7.5,"refActorUseOvercast":false,"refTargetYou":false,"refActorRequireBuff":false,"refActorRequireAllBuffs":false,"refActorRequireBuffsInvert":false,"refActorUseBuffTime":false,"refActorUseBuffParam":false,"refActorBuffTimeMin":0.0,"refActorBuffTimeMax":0.0,"refActorObjectLife":false,"refActorComparisonType":6,"refActorType":0,"includeHitbox":false,"includeOwnHitbox":false,"includeRotation":true,"onlyTargetable":false,"onlyUnTargetable":false,"onlyVisible":false,"tether":false,"ExtraTetherLength":0.0,"LineEndA":0,"LineEndB":0,"AdditionalRotation":0.0,"LineAddHitboxLengthX":false,"LineAddHitboxLengthY":false,"LineAddHitboxLengthZ":false,"LineAddHitboxLengthXA":false,"LineAddHitboxLengthYA":false,"LineAddHitboxLengthZA":false,"LineAddPlayerHitboxLengthX":false,"LineAddPlayerHitboxLengthY":false,"LineAddPlayerHitboxLengthZ":false,"LineAddPlayerHitboxLengthXA":false,"LineAddPlayerHitboxLengthYA":false,"LineAddPlayerHitboxLengthZA":false,"FaceMe":false,"LimitDistance":false,"LimitDistanceInvert":false,"DistanceSourceX":0.0,"DistanceSourceY":0.0,"DistanceSourceZ":0.0,"DistanceMin":0.0,"DistanceMax":0.0,"LimitRotation":false,"refActorTether":false,"refActorTetherTimeMin":0.0,"refActorTetherTimeMax":0.0,"refActorTetherParam1":null,"refActorTetherParam2":null,"refActorTetherParam3":null,"refActorIsTetherSource":null,"refActorIsTetherInvert":false,"refActorUseTransformation":false,"mechanicType":0,"refMark":false,"refMarkID":0,"faceplayer":"<1>","FillStep":0.5,"LegacyFill":false,"RenderEngineKind":0,"Conditional":false,"RotationOverride":false}]}],"GroupOrder":["DT EX4 JP"],"dumplog":false,"verboselog":false,"maxdistance":100.0,"AlphaBlendMode":1,"UseHttpServer":false,"port":47774,"TetherOnFind":true,"DirectNameComparison":false,"ShowOnUiHide":false,"Hexadecimal":true,"segments":100,"lineSegments":10,"AltRectFill":true,"AltRectStepOverride":false,"AltRectStep":0.01,"AltRectHighlightOutline":true,"AltRectMinLineThickness":4.0,"AltRectForceMinLineThickness":false,"AltDonutStepOverride":false,"AltDonutStep":0.01,"AltConeStepOverride":false,"AltConeStep":1,"UseFullDonutFill":true,"FocusMode":false,"NoStreamWarning":false,"Logging":false,"LogPosition":false,"PluginLanguage":null,"NoFindReset":false,"NoCircleFix":false,"DisabledScripts":[],"DisableScriptCache":false,"RenderableZones":[],"ClipZones":[],"AutoClipNativeUI":true,"RenderableZonesValid":true,"SplatoonLowerZ":false,"ElementMinFillAlpha":0,"ElementMaxFillAlpha":255,"MaxAlpha":255,"UseVfxRendering":false,"StyleOverrides":{},"ScriptConfigurationNames":{},"ActiveScriptConfigurations":{},"DefaultScriptConfigurationNames":{},"ExtraTrustedRepos":"","ExtraUpdateLinks":"","NoPrioPopupTerritories":[],"RolePlayerAssignments":[],"PrioUnifyDps":false,"FileWatcherPathes":[],"UseServerBar":true,"PreferredPositions":{},"ScriptPriorityNotification":2,"ConfigurationsHideDisabled":false,"DisabledGroups":[],"TranslatorPages":[],"NightmareUIState":{"ActiveTab":{"LayoutsButtonTabs":"All","LayoutsButtonTabsCategory":"All"}},"Version":2}